{"loss": 10738.3984375, "_timestamp": 1704466831.8582258, "_runtime": 61.058982849121094, "_step": 900, "composed_input": {"_type": "images/separated", "width": 280, "height": 280, "format": "png", "count": 1, "filenames": ["media/images/composed_input_898_c7655e0e296f103e6ddd.png"]}, "composed_predictions": {"_type": "images/separated", "width": 280, "height": 280, "format": "png", "count": 1, "filenames": ["media/images/composed_predictions_899_09f2f273d5125a9b7897.png"]}, "gradients/decoder.FC_output.bias": {"_type": "histogram", "values": [1.0, 0.0, 1.0, 0.0, 0.0, 0.0, 0.0, 0.0, 1.0, 3.0, 2.0, 2.0, 1.0, 2.0, 1.0, 2.0, 4.0, 4.0, 1.0, 5.0, 13.0, 10.0, 15.0, 17.0, 21.0, 27.0, 39.0, 289.0, 47.0, 32.0, 35.0, 29.0, 16.0, 25.0, 12.0, 19.0, 7.0, 17.0, 15.0, 12.0, 9.0, 8.0, 7.0, 5.0, 5.0, 2.0, 3.0, 4.0, 2.0, 2.0, 2.0, 4.0, 1.0, 1.0, 0.0, 0.0, 0.0, 0.0, 0.0, 1.0, 0.0, 0.0, 0.0, 1.0], "bins": [-7.21528434753418, -6.952717304229736, -6.690149784088135, -6.427582740783691, -6.165015697479248, -5.902448654174805, -5.639881134033203, -5.37731409072876, -5.114747047424316, -4.852179527282715, -4.5896124839782715, -4.327045440673828, -4.064477920532227, -3.801910877227783, -3.5393435955047607, -3.2767765522003174, -3.014209270477295, -2.7516422271728516, -2.48907470703125, -2.2265076637268066, -1.9639406204223633, -1.7013731002807617, -1.4388060569763184, -1.176239013671875, -0.9136714935302734, -0.6511044502258301, -0.3885374069213867, -0.12597036361694336, 0.1365971565246582, 0.39916419982910156, 0.6617312431335449, 0.9242982864379883, 1.1868658065795898, 1.4494333267211914, 1.7120003700256348, 1.9745674133300781, 2.2371344566345215, 2.499701976776123, 2.7622690200805664, 3.0248360633850098, 3.287403106689453, 3.5499706268310547, 3.812537670135498, 4.075104713439941, 4.337672233581543, 4.600239276885986, 4.86280632019043, 5.125373840332031, 5.387940883636475, 5.650507926940918, 5.9130754470825195, 6.175642490386963, 6.438209533691406, 6.700777053833008, 6.963344097137451, 7.2259111404418945, 7.488478660583496, 7.7510457038879395, 8.013612747192383, 8.276180267333984, 8.53874683380127, 8.801314353942871, 9.063881874084473, 9.326448440551758, 9.58901596069336]}, "gradients/decoder.FC_output.weight": {"_type": "histogram", "values": [1.0, 0.0, 0.0, 0.0, 0.0, 0.0, 1.0, 2.0, 7.0, 7.0, 4.0, 11.0, 18.0, 32.0, 28.0, 37.0, 57.0, 86.0, 127.0, 195.0, 234.0, 357.0, 523.0, 770.0, 1077.0, 1624.0, 2369.0, 3674.0, 5312.0, 7867.0, 11780.0, 18092.0, 153912.0, 31067.0, 18342.0, 13439.0, 10277.0, 8160.0, 6427.0, 4947.0, 3708.0, 2633.0, 1933.0, 1402.0, 967.0, 726.0, 468.0, 304.0, 196.0, 126.0, 102.0, 61.0, 45.0, 25.0, 14.0, 7.0, 8.0, 1.0, 4.0, 2.0, 1.0, 1.0, 1.0, 2.0], "bins": [-15.441912651062012, -14.968788146972656, -14.495662689208984, -14.022538185119629, -13.549413681030273, -13.076289176940918, -12.603164672851562, -12.13003921508789, -11.656914710998535, -11.18379020690918, -10.710664749145508, -10.237540245056152, -9.764415740966797, -9.291291236877441, -8.818166732788086, -8.345041275024414, -7.871916770935059, -7.398792266845703, -6.925667762756348, -6.452542304992676, -5.97941780090332, -5.506293296813965, -5.033167839050293, -4.5600433349609375, -4.086918830871582, -3.6137943267822266, -3.140669822692871, -2.667544364929199, -2.1944198608398438, -1.7212953567504883, -1.2481698989868164, -0.7750453948974609, -0.30192089080810547, 0.17120361328125, 0.6443281173706055, 1.1174535751342773, 1.5905780792236328, 2.0637025833129883, 2.53682804107666, 3.0099525451660156, 3.483077049255371, 3.9562015533447266, 4.429326057434082, 4.902451515197754, 5.375576019287109, 5.848700523376465, 6.321825981140137, 6.794950485229492, 7.268074989318848, 7.741199493408203, 8.214324951171875, 8.68744945526123, 9.160573959350586, 9.633698463439941, 10.106822967529297, 10.579948425292969, 11.053072929382324, 11.52619743347168, 11.999322891235352, 12.472447395324707, 12.945571899414062, 13.418696403503418, 13.891820907592773, 14.364946365356445, 14.8380708694458]}, "gradients/decoder.FC_hidden.bias": {"_type": "histogram", "values": [1.0, 0.0, 0.0, 0.0, 0.0, 0.0, 0.0, 0.0, 1.0, 0.0, 1.0, 0.0, 4.0, 2.0, 3.0, 2.0, 5.0, 4.0, 4.0, 6.0, 3.0, 9.0, 6.0, 8.0, 9.0, 9.0, 5.0, 9.0, 11.0, 8.0, 13.0, 8.0, 18.0, 13.0, 22.0, 12.0, 19.0, 25.0, 16.0, 15.0, 11.0, 18.0, 11.0, 11.0, 8.0, 12.0, 15.0, 5.0, 7.0, 4.0, 5.0, 5.0, 2.0, 3.0, 2.0, 1.0, 1.0, 4.0, 1.0, 0.0, 1.0, 0.0, 0.0, 2.0], "bins": [-28.144390106201172, -27.366884231567383, -26.589378356933594, -25.811870574951172, -25.034364700317383, -24.256858825683594, -23.479352951049805, -22.701847076416016, -21.924339294433594, -21.146833419799805, -20.369327545166016, -19.591821670532227, -18.814315795898438, -18.036808013916016, -17.25930404663086, -16.481796264648438, -15.704290390014648, -14.92678451538086, -14.149277687072754, -13.371771812438965, -12.59426498413086, -11.81675910949707, -11.039253234863281, -10.261747360229492, -9.484241485595703, -8.706733703613281, -7.929227828979492, -7.151721954345703, -6.374216079711914, -5.596710205078125, -4.819202423095703, -4.041696548461914, -3.264188766479492, -2.486682891845703, -1.709177017211914, -0.9316692352294922, -0.15416336059570312, 0.6233425140380859, 1.400848388671875, 2.178354263305664, 2.955862045288086, 3.733367919921875, 4.510873794555664, 5.288379669189453, 6.065885543823242, 6.843392372131348, 7.620898246765137, 8.398405075073242, 9.175910949707031, 9.95341682434082, 10.730923652648926, 11.508429527282715, 12.28593635559082, 13.06344223022461, 13.840948104858398, 14.618453979492188, 15.395960807800293, 16.1734676361084, 16.950973510742188, 17.728479385375977, 18.505985260009766, 19.283493041992188, 20.060998916625977, 20.838504791259766, 21.616010665893555]}, "gradients/decoder.FC_hidden.weight": {"_type": "histogram", "values": [1.0, 0.0, 0.0, 0.0, 0.0, 1.0, 0.0, 1.0, 2.0, 2.0, 5.0, 6.0, 8.0, 8.0, 16.0, 18.0, 30.0, 31.0, 57.0, 63.0, 98.0, 112.0, 150.0, 177.0, 241.0, 298.0, 357.0, 401.0, 469.0, 504.0, 519.0, 550.0, 580.0, 513.0, 483.0, 449.0, 359.0, 312.0, 273.0, 214.0, 154.0, 125.0, 96.0, 85.0, 68.0, 38.0, 27.0, 28.0, 16.0, 21.0, 4.0, 6.0, 14.0, 3.0, 4.0, 1.0, 1.0, 0.0, 0.0, 0.0, 0.0, 0.0, 0.0, 1.0], "bins": [-23.833423614501953, -23.080167770385742, -22.3269100189209, -21.573654174804688, -20.820396423339844, -20.067140579223633, -19.313884735107422, -18.560626983642578, -17.807369232177734, -17.054113388061523, -16.300857543945312, -15.547599792480469, -14.794343948364258, -14.04108715057373, -13.287830352783203, -12.534573554992676, -11.781316757202148, -11.028059959411621, -10.274803161621094, -9.521546363830566, -8.768289566040039, -8.015033721923828, -7.261775970458984, -6.508520126342773, -5.7552642822265625, -5.002006530761719, -4.248750686645508, -3.495492935180664, -2.742237091064453, -1.9889793395996094, -1.2357234954833984, -0.4824657440185547, 0.27079200744628906, 1.0240478515625, 1.7773056030273438, 2.5305614471435547, 3.2838191986083984, 4.037075042724609, 4.790332794189453, 5.543588638305664, 6.296846389770508, 7.050102233886719, 7.80335807800293, 8.556615829467773, 9.309871673583984, 10.063128471374512, 10.816385269165039, 11.569642066955566, 12.322898864746094, 13.076155662536621, 13.829412460327148, 14.582669258117676, 15.335926055908203, 16.089181900024414, 16.842437744140625, 17.59569549560547, 18.348953247070312, 19.102209091186523, 19.855464935302734, 20.608722686767578, 21.36197853088379, 22.115236282348633, 22.868492126464844, 23.621749877929688, 24.3750057220459]}, "gradients/encoder.FC_var.bias": {"_type": "histogram", "values": [1.0, 0.0, 0.0, 0.0, 0.0, 0.0, 0.0, 0.0, 0.0, 0.0, 0.0, 0.0, 0.0, 1.0, 0.0, 0.0, 1.0, 0.0, 1.0, 0.0, 1.0, 2.0, 0.0, 0.0, 0.0, 0.0, 2.0, 0.0, 0.0, 0.0, 3.0, 0.0, 0.0, 0.0, 1.0, 0.0, 0.0, 0.0, 2.0, 0.0, 1.0, 0.0, 0.0, 0.0, 0.0, 0.0, 0.0, 0.0, 0.0, 1.0, 0.0, 0.0, 1.0, 1.0, 0.0, 0.0, 0.0, 0.0, 0.0, 0.0, 0.0, 0.0, 0.0, 1.0],