{"loss": 11015.0087890625, "_timestamp": 1704464002.8709066, "_runtime": 39.22839665412903, "_step": 300, "gradients/decoder.FC_output.bias": {"_type": "histogram", "values": [2.0, 0.0, 0.0, 0.0, 2.0, 0.0, 1.0, 0.0, 2.0, 1.0, 1.0, 0.0, 1.0, 3.0, 0.0, 1.0, 1.0, 5.0, 4.0, 5.0, 6.0, 6.0, 13.0, 11.0, 10.0, 19.0, 19.0, 16.0, 20.0, 26.0, 54.0, 301.0, 38.0, 35.0, 30.0, 21.0, 23.0, 16.0, 24.0, 6.0, 7.0, 7.0, 12.0, 3.0, 5.0, 6.0, 2.0, 2.0, 5.0, 3.0, 1.0, 0.0, 1.0, 1.0, 1.0, 2.0, 0.0, 0.0, 1.0, 1.0, 0.0, 0.0, 0.0, 1.0], "bins": [-6.540876388549805, -6.3324737548828125, -6.12407112121582, -5.915668487548828, -5.707265853881836, -5.498863220214844, -5.290460586547852, -5.082057952880859, -4.873655319213867, -4.665252685546875, -4.456850051879883, -4.248447418212891, -4.040045261383057, -3.8316426277160645, -3.6232399940490723, -3.41483736038208, -3.206434726715088, -2.9980320930480957, -2.7896294593811035, -2.5812268257141113, -2.372824192047119, -2.164421558380127, -1.9560189247131348, -1.7476162910461426, -1.5392141342163086, -1.3308115005493164, -1.1224088668823242, -0.914006233215332, -0.7056035995483398, -0.49720096588134766, -0.28879833221435547, -0.08039569854736328, 0.1280069351196289, 0.3364095687866211, 0.5448122024536133, 0.7532148361206055, 0.9616174697875977, 1.1700201034545898, 1.378422737121582, 1.5868253707885742, 1.7952280044555664, 2.0036301612854004, 2.2120327949523926, 2.4204354286193848, 2.628838062286377, 2.837240695953369, 3.0456433296203613, 3.2540459632873535, 3.4624485969543457, 3.670851230621338, 3.87925386428833, 4.087656497955322, 4.2960591316223145, 4.504461288452148, 4.712863922119141, 4.921266555786133, 5.129669189453125, 5.338071823120117, 5.546474456787109, 5.754877090454102, 5.963279724121094, 6.171682357788086, 6.380084991455078, 6.58848762512207, 6.7968902587890625]}, "gradients/decoder.FC_output.weight": {"_type": "histogram", "values": [1.0, 0.0, 0.0, 0.0, 0.0, 0.0, 0.0, 1.0, 1.0, 1.0, 1.0, 8.0, 10.0, 16.0, 18.0, 39.0, 45.0, 62.0, 98.0, 159.0, 256.0, 353.0, 527.0, 768.0, 1154.0, 1744.0, 2429.0, 3585.0, 5099.0, 7112.0, 10251.0, 14574.0, 21679.0, 159358.0, 28647.0, 16824.0, 11769.0, 8091.0, 5877.0, 4157.0, 2867.0, 1925.0, 1351.0, 949.0, 604.0, 425.0, 256.0, 167.0, 113.0, 72.0, 48.0, 30.0, 26.0, 12.0, 12.0, 6.0, 10.0, 6.0, 4.0, 1.0, 1.0, 0.0, 0.0, 1.0], "bins": [-15.147875785827637, -14.696690559387207, -14.245505332946777, -13.794320106506348, -13.343134880065918, -12.891949653625488, -12.440764427185059, -11.989579200744629, -11.5383939743042, -11.08720874786377, -10.63602352142334, -10.18483829498291, -9.73365306854248, -9.28246784210205, -8.831282615661621, -8.380097389221191, -7.928912162780762, -7.477726936340332, -7.026541709899902, -6.575356483459473, -6.124171257019043, -5.672986030578613, -5.221800804138184, -4.770615577697754, -4.319430351257324, -3.8682451248168945, -3.417059898376465, -2.965874671936035, -2.5146894454956055, -2.063504219055176, -1.612318992614746, -1.1611337661743164, -0.7099485397338867, -0.25876331329345703, 0.19242191314697266, 0.6436071395874023, 1.094792366027832, 1.5459775924682617, 1.9971628189086914, 2.448348045349121, 2.899533271789551, 3.3507184982299805, 3.80190372467041, 4.25308895111084, 4.7042741775512695, 5.155459403991699, 5.606644630432129, 6.057829856872559, 6.509015083312988, 6.960200309753418, 7.411385536193848, 7.862570762634277, 8.313755989074707, 8.764941215515137, 9.216126441955566, 9.667311668395996, 10.118496894836426, 10.569682121276855, 11.020867347717285, 11.472052574157715, 11.923237800598145, 12.374423027038574, 12.825608253479004, 13.276793479919434, 13.727978706359863]}, "gradients/decoder.FC_hidden.bias": {"_type": "histogram", "values": [2.0, 0.0, 1.0, 0.0, 1.0, 5.0, 3.0, 2.0, 6.0, 7.0, 13.0, 9.0, 14.0, 11.0, 14.0, 20.0, 25.0, 25.0, 12.0, 18.0, 19.0, 21.0, 18.0, 26.0, 18.0, 16.0, 10.0, 8.0, 14.0, 7.0, 6.0, 11.0, 9.0, 4.0, 10.0, 2.0, 1.0, 6.0, 2.0, 0.0, 0.0, 0.0, 0.0, 1.0, 0.0, 1.0, 1.0, 0.0, 0.0, 0.0, 0.0, 0.0, 0.0, 0.0, 0.0, 0.0, 0.0, 0.0, 0.0, 0.0, 0.0, 0.0, 0.0, 1.0], "bins": [-12.717132568359375, -12.102361679077148, -11.487590789794922, -10.872819900512695, -10.258049011230469, -9.643278121948242, -9.028507232666016, -8.413736343383789, -7.798964977264404, -7.184194087982178, -6.569423198699951, -5.954652309417725, -5.33988094329834, -4.725110054016113, -4.110339164733887, -3.49556827545166, -2.8807973861694336, -2.266026496887207, -1.6512556076049805, -1.036484718322754, -0.42171382904052734, 0.19305706024169922, 0.8078279495239258, 1.4225988388061523, 2.0373706817626953, 2.652141571044922, 3.2669124603271484, 3.881683349609375, 4.496454238891602, 5.111225128173828, 5.725996017456055, 6.340766906738281, 6.955537796020508, 7.570308685302734, 8.185079574584961, 8.799850463867188, 9.414621353149414, 10.02939224243164, 10.644163131713867, 11.258934020996094, 11.87370491027832, 12.488476753234863, 13.10324764251709, 13.718018531799316, 14.332789421081543, 14.94756031036377, 15.562331199645996, 16.177101135253906, 16.791873931884766, 17.40664291381836, 18.02141571044922, 18.636184692382812, 19.250957489013672, 19.8657283782959, 20.480499267578125, 21.09527015686035, 21.710041046142578, 22.324811935424805, 22.93958282470703, 23.554353713989258, 24.169124603271484, 24.78389549255371, 25.398666381835938, 26.013437271118164, 26.62820816040039]}, "gradients/decoder.FC_hidden.weight": {"_type": "histogram", "values": [1.0, 3.0, 0.0, 1.0, 0.0, 0.0, 0.0, 2.0, 1.0, 3.0, 5.0, 6.0, 4.0, 8.0, 12.0, 14.0, 16.0, 34.0, 41.0, 44.0, 48.0, 80.0, 87.0, 132.0, 146.0, 189.0, 224.0, 302.0, 359.0, 389.0, 426.0, 483.0, 513.0, 538.0, 551.0, 499.0, 447.0, 441.0, 382.0, 318.0, 251.0, 205.0, 189.0, 139.0, 112.0, 71.0, 48.0, 53.0, 39.0, 33.0, 32.0, 21.0, 16.0, 7.0, 8.0, 8.0, 8.0, 2.0, 5.0, 1.0, 0.0, 1.0, 0.0, 2.0], "bins": [-22.891796112060547, -22.218006134033203, -21.544214248657227, -20.870424270629883, -20.196632385253906, -19.522842407226562, -18.84905242919922, -18.175262451171875, -17.5014705657959, -16.827678680419922, -16.153888702392578, -15.480098724365234, -14.806307792663574, -14.132516860961914, -13.45872688293457, -12.78493595123291, -12.11114501953125, -11.43735408782959, -10.76356315612793, -10.089773178100586, -9.415982246398926, -8.742191314697266, -8.068401336669922, -7.394610404968262, -6.720819473266602, -6.047029495239258, -5.373237609863281, -4.6994476318359375, -4.025657653808594, -3.351865768432617, -2.6780757904052734, -2.004283905029297, -1.3304939270019531, -0.6567039489746094, 0.017087936401367188, 0.6908779144287109, 1.3646697998046875, 2.0384597778320312, 2.712249755859375, 3.3860416412353516, 4.059831619262695, 4.7336225509643555, 5.407413482666016, 6.081203460693359, 6.7549943923950195, 7.42878532409668, 8.102575302124023, 8.776366233825684, 9.450157165527344, 10.123948097229004, 10.797739028930664, 11.471529006958008, 12.145319938659668, 12.819110870361328, 13.492900848388672, 14.166691780090332, 14.840482711791992, 15.514273643493652, 16.188064575195312, 16.861854553222656, 17.53564453125, 18.209436416625977, 18.88322639465332, 19.557018280029297, 20.23080825805664]}, "gradients/encoder.FC_var.bias": {"_type": "histogram", "values": [1.0, 0.0, 0.0, 0.0, 0.0, 0.0, 0.0, 0.0, 0.0, 1.0, 1.0, 0.0, 1.0, 0.0, 0.0, 0.0, 1.0, 0.0, 0.0, 2.0, 0.0, 1.0, 0.0, 0.0, 1.0, 0.0, 0.0, 0.0, 0.0, 0.0, 0.0, 0.0, 0.0, 1.0, 0.0, 0.0, 1.0, 1.0, 2.0, 2.0, 0.0, 0.0, 0.0, 1.0, 0.0, 0.0, 0.0, 0.0, 1.0, 0.0, 1.0, 0.0, 0.0, 0.0, 0.0, 0.0, 0.0, 0.0, 0.0, 0.0, 0.0, 0.0, 0.0, 1.0],