{"loss": 10627.931640625, "_timestamp": 1704464145.646814, "_runtime": 34.9454231262207, "_step": 300, "gradients/decoder.FC_output.bias": {"_type": "histogram", "values": [2.0, 1.0, 1.0, 1.0, 1.0, 3.0, 1.0, 1.0, 3.0, 2.0, 5.0, 4.0, 3.0, 5.0, 5.0, 2.0, 7.0, 7.0, 8.0, 10.0, 22.0, 19.0, 34.0, 48.0, 50.0, 269.0, 50.0, 31.0, 31.0, 18.0, 17.0, 17.0, 9.0, 24.0, 11.0, 11.0, 8.0, 6.0, 7.0, 5.0, 4.0, 4.0, 2.0, 3.0, 3.0, 1.0, 1.0, 2.0, 0.0, 1.0, 2.0, 0.0, 1.0, 0.0, 0.0, 0.0, 0.0, 0.0, 0.0, 0.0, 0.0, 0.0, 0.0, 1.0], "bins": [-5.722832679748535, -5.495662212371826, -5.268491268157959, -5.04132080078125, -4.814149856567383, -4.586979389190674, -4.359808921813965, -4.132637977600098, -3.9054675102233887, -3.6782968044281006, -3.4511260986328125, -3.2239556312561035, -2.9967849254608154, -2.7696142196655273, -2.5424437522888184, -2.3152730464935303, -2.088102340698242, -1.860931634902954, -1.633760929107666, -1.406590461730957, -1.1794195175170898, -0.9522490501403809, -0.7250785827636719, -0.4979076385498047, -0.2707371711730957, -0.04356670379638672, 0.18360424041748047, 0.41077470779418945, 0.6379451751708984, 0.8651161193847656, 1.0922865867614746, 1.3194575309753418, 1.5466279983520508, 1.7737984657287598, 2.000969409942627, 2.228139877319336, 2.455310821533203, 2.682481288909912, 2.909651756286621, 3.1368227005004883, 3.3639931678771973, 3.5911636352539062, 3.8183345794677734, 4.045505046844482, 4.272675514221191, 4.499846458435059, 4.727016925811768, 4.954187393188477, 5.181358337402344, 5.408529281616211, 5.63569974899292, 5.862870216369629, 6.090041160583496, 6.317211627960205, 6.544382095336914, 6.771553039550781, 6.99872350692749, 7.225893974304199, 7.453064918518066, 7.680235385894775, 7.907405853271484, 8.134576797485352, 8.361747741699219, 8.58891773223877, 8.816088676452637]}, "gradients/decoder.FC_output.weight": {"_type": "histogram", "values": [1.0, 0.0, 1.0, 1.0, 5.0, 3.0, 10.0, 13.0, 19.0, 20.0, 28.0, 59.0, 101.0, 139.0, 223.0, 297.0, 445.0, 618.0, 840.0, 1196.0, 1681.0, 2314.0, 3052.0, 4153.0, 5523.0, 7453.0, 10102.0, 14207.0, 21020.0, 147883.0, 27232.0, 16144.0, 11882.0, 8939.0, 7027.0, 5177.0, 4099.0, 3052.0, 2382.0, 1771.0, 1217.0, 911.0, 699.0, 485.0, 354.0, 253.0, 177.0, 123.0, 87.0, 60.0, 43.0, 25.0, 16.0, 12.0, 10.0, 3.0, 7.0, 3.0, 1.0, 0.0, 0.0, 1.0, 0.0, 1.0], "bins": [-11.09028434753418, -10.714607238769531, -10.338929176330566, -9.963252067565918, -9.58757495880127, -9.211896896362305, -8.836219787597656, -8.460542678833008, -8.08486557006836, -7.7091875076293945, -7.333510398864746, -6.9578328132629395, -6.582155227661133, -6.206478118896484, -5.830800533294678, -5.455123424530029, -5.079445838928223, -4.703768253326416, -4.328091144561768, -3.952413558959961, -3.5767364501953125, -3.201058864593506, -2.825381278991699, -2.449704170227051, -2.074026107788086, -1.6983489990234375, -1.322671890258789, -0.9469947814941406, -0.5713167190551758, -0.19563961029052734, 0.1800374984741211, 0.5557155609130859, 0.9313926696777344, 1.3070697784423828, 1.6827478408813477, 2.058424949645996, 2.4341020584106445, 2.8097801208496094, 3.185457229614258, 3.5611343383789062, 3.9368114471435547, 4.3124895095825195, 4.688166618347168, 5.063844203948975, 5.439521789550781, 5.81519889831543, 6.190876483917236, 6.566553592681885, 6.942231178283691, 7.317908763885498, 7.6935858726501465, 8.069263458251953, 8.444940567016602, 8.82061767578125, 9.196295738220215, 9.571972846984863, 9.947650909423828, 10.323328018188477, 10.699005126953125, 11.074682235717773, 11.450360298156738, 11.826037406921387, 12.201714515686035, 12.577392578125, 12.953069686889648]}, "gradients/decoder.FC_hidden.bias": {"_type": "histogram", "values": [2.0, 0.0, 0.0, 0.0, 0.0, 2.0, 1.0, 2.0, 2.0, 4.0, 0.0, 1.0, 2.0, 2.0, 2.0, 4.0, 3.0, 1.0, 6.0, 3.0, 4.0, 9.0, 7.0, 12.0, 8.0, 15.0, 7.0, 15.0, 9.0, 10.0, 15.0, 20.0, 17.0, 18.0, 13.0, 19.0, 13.0, 20.0, 9.0, 18.0, 15.0, 17.0, 14.0, 10.0, 6.0, 6.0, 7.0, 4.0, 3.0, 6.0, 1.0, 2.0, 1.0, 2.0, 1.0, 1.0, 3.0, 1.0, 1.0, 0.0, 1.0, 1.0, 1.0, 1.0], "bins": [-16.055084228515625, -15.568960189819336, -15.082836151123047, -14.596712112426758, -14.110589027404785, -13.624464988708496, -13.138340950012207, -12.652216911315918, -12.166093826293945, -11.679969787597656, -11.193845748901367, -10.707721710205078, -10.221597671508789, -9.7354736328125, -9.249349594116211, -8.763226509094238, -8.27710247039795, -7.79097843170166, -7.304854393005371, -6.818731307983398, -6.332607269287109, -5.84648323059082, -5.360359191894531, -4.874235153198242, -4.388111114501953, -3.9019880294799805, -3.4158639907836914, -2.9297399520874023, -2.4436159133911133, -1.9574918746948242, -1.4713687896728516, -0.9852447509765625, -0.49911975860595703, -0.012995719909667969, 0.4731283187866211, 0.9592514038085938, 1.4453754425048828, 1.9314994812011719, 2.417623519897461, 2.90374755859375, 3.3898706436157227, 3.8759946823120117, 4.362118721008301, 4.84824275970459, 5.334366798400879, 5.820490837097168, 6.306613922119141, 6.79273796081543, 7.278861999511719, 7.764986038208008, 8.251110076904297, 8.737234115600586, 9.223357200622559, 9.709481239318848, 10.195605278015137, 10.68172836303711, 11.167852401733398, 11.653976440429688, 12.140100479125977, 12.626224517822266, 13.112348556518555, 13.598472595214844, 14.084595680236816, 14.570719718933105, 15.056843757629395]}, "gradients/decoder.FC_hidden.weight": {"_type": "histogram", "values": [1.0, 0.0, 0.0, 0.0, 0.0, 1.0, 2.0, 0.0, 0.0, 1.0, 3.0, 5.0, 0.0, 8.0, 9.0, 9.0, 9.0, 16.0, 20.0, 36.0, 48.0, 66.0, 95.0, 98.0, 135.0, 182.0, 208.0, 269.0, 316.0, 385.0, 399.0, 482.0, 534.0, 557.0, 553.0, 496.0, 500.0, 432.0, 429.0, 336.0, 289.0, 240.0, 179.0, 163.0, 131.0, 86.0, 85.0, 46.0, 39.0, 29.0, 23.0, 14.0, 11.0, 7.0, 3.0, 4.0, 5.0, 1.0, 2.0, 1.0, 1.0, 0.0, 0.0, 1.0], "bins": [-24.423635482788086, -23.709640502929688, -22.99564552307129, -22.28165054321289, -21.567657470703125, -20.853662490844727, -20.139667510986328, -19.42567253112793, -18.71167755126953, -17.997684478759766, -17.283689498901367, -16.56969451904297, -15.85569953918457, -15.141705513000488, -14.42771053314209, -13.713716506958008, -12.99972152709961, -12.285726547241211, -11.571732521057129, -10.85773754119873, -10.143743515014648, -9.42974853515625, -8.715753555297852, -8.001758575439453, -7.287763595581055, -6.573770523071289, -5.859775543212891, -5.145780563354492, -4.431785583496094, -3.7177906036376953, -3.0037975311279297, -2.2898025512695312, -1.5758094787597656, -0.8618144989013672, -0.14781951904296875, 0.5661735534667969, 1.2801685333251953, 1.9941635131835938, 2.708158493041992, 3.4221534729003906, 4.136146545410156, 4.850141525268555, 5.564136505126953, 6.278131484985352, 6.99212646484375, 7.706120491027832, 8.42011547088623, 9.134109497070312, 9.848104476928711, 10.56209945678711, 11.276093482971191, 11.99008846282959, 12.704082489013672, 13.41807746887207, 14.132072448730469, 14.846067428588867, 15.56006145477295, 16.27405548095703, 16.98805046081543, 17.702045440673828, 18.416040420532227, 19.130035400390625, 19.84402847290039, 20.55802345275879, 21.272018432617188]}, "gradients/encoder.FC_var.bias": {"_type": "histogram", "values": [1.0, 0.0, 0.0, 0.0, 0.0, 0.0, 0.0, 0.0, 0.0, 0.0, 0.0, 0.0, 1.0, 0.0, 0.0, 0.0, 0.0, 1.0, 0.0, 1.0, 0.0, 1.0, 0.0, 1.0, 0.0, 3.0, 0.0, 0.0, 1.0, 1.0, 0.0, 0.0, 0.0, 0.0, 0.0, 0.0, 2.0, 0.0, 0.0, 1.0, 1.0, 1.0, 2.0, 0.0, 0.0, 0.0, 0.0, 0.0, 0.0, 0.0, 0.0, 0.0, 1.0, 0.0, 0.0, 0.0, 0.0, 0.0, 0.0, 0.0, 0.0, 0.0, 0.0, 1.0],